listing_id,date,num_reviews,reviewers
38459756,2025-06-01,3,"465401991,70557404,530192101"
43652267,2025-08-01,1,136987656
43652267,2025-07-01,3,"352373352,348076270,498724195"
43652267,2025-06-01,3,"451731930,695743353,546569831"
28736101,2026-03-01,2,"285483034,133999284"
28736101,2025-11-01,1,11950167
28736101,2025-09-01,3,"67372552,571795097,662621896"
28736101,2026-04-01,4,"67901361,740681100,23580720,247319020"
28736101,2025-08-01,1,521029535
28736101,2025-06-01,4,"175930057,478862896,684446873,400490917"
35087602,2025-09-01,1,702425856
35087602,2025-08-01,1,171636532
35087602,2025-07-01,3,"61707332,416733535,301727416"
35087602,2025-06-01,3,"52157921,3167010,117198894"
42971045,2026-04-01,3,"37367972,213302056,75308504"
42971045,2026-05-01,1,113252791
42971045,2025-10-01,1,230239972
42971045,2025-09-01,1,470762018
42971045,2025-08-01,3,"260617409,30246428,151237855"
42971045,2025-07-01,2,"237414591,465788218"
42971045,2025-06-01,2,"442927096,178816330"
19782511,2025-06-01,3,"469785216,24573378,148863710"
35766092,2025-08-01,1,407853504
35766092,2025-07-01,2,"433443113,180930942"
35766092,2025-06-01,1,401081799
836803,2025-07-01,1,57031667
836803,2025-08-01,1,577996479
836803,2025-06-01,1,537886591
21949416,2025-06-01,1,220983597
21949416,2025-08-01,1,565035392
21949416,2026-02-01,1,745552750
34714374,2025-11-01,1,295562332
34714374,2025-09-01,5,"60135863,560124925,58159254,145580956,274321908"
34714374,2025-07-01,2,"381746925,582749863"
34714374,2025-06-01,3,"326686317,504369080,67491058"
34714374,2025-10-01,3,"397857232,40544831,397055791"
34714374,2025-08-01,3,"591773143,503543151,278178401"
34714374,2026-04-01,1,125017823
41796915,2025-06-01,1,126822062
39982496,2025-09-01,2,"191760196,345623948"
23902699,2025-08-01,2,"11461474,474337945"
23902699,2025-06-01,3,"28046737,508755067,571909711"
25811092,2025-07-01,1,131380983
43479326,2025-07-01,2,"413573956,509111278"
43479326,2025-06-01,2,"90651576,691837620"
43479326,2025-10-01,1,89232948
43479326,2026-04-01,1,384826508
25392265,2025-08-01,2,"58509938,445454461"
25392265,2025-06-01,2,"697200177,699718000"
25436610,2025-08-01,1,246090450
25436610,2025-07-01,2,"335724580,65709853"
40541408,2026-04-01,2,"247001226,156759556"
40541408,2026-05-01,2,"575141823,701648195"
40541408,2026-03-01,1,462291245
40541408,2025-08-01,1,589703866
40541408,2025-07-01,1,60276563
3362348,2025-09-01,1,238612950
3362348,2025-07-01,4,"571688918,219543531,680786148,400926986"
3362348,2025-08-01,1,6415956
3362348,2025-06-01,4,"431871683,100768486,30734827,180405845"
40971443,2026-05-01,4,"525729666,554966301,353589817,558303179"
40971443,2026-03-01,2,"402216895,405269868"
40971443,2026-01-01,2,"737595780,341662098"
40971443,2025-11-01,3,"271601140,267835885,36342534"
40971443,2025-09-01,7,"458646407,150801534,131314696,469106462,282480811,450464344,43135962"
40971443,2025-07-01,5,"349257922,446385196,10732236,42597854,174956911"
40971443,2026-04-01,5,"176236662,234884041,119511372,135188802,161782761"
40971443,2026-02-01,2,"439632053,435212168"
40971443,2025-12-01,4,"244332328,273797937,520466332,506449598"
40971443,2025-10-01,5,"555084165,188157401,405169949,1789041,429325901"
40971443,2025-08-01,7,"407167771,427289497,414587662,69500516,265206698,17572130,702543152"
40971443,2025-06-01,8,"391693782,290709620,161763898,54753337,242086056,335369805,661884583,25559040"
16406515,2026-03-01,2,"673643131,80301650"
16406515,2025-11-01,1,262325907
16406515,2025-07-01,1,419661603
16406515,2026-02-01,1,343877264
16406515,2025-06-01,1,150131285
21749741,2026-03-01,8,"188006051,567121252,358911549,677867781,56416785,16828745,502179724,347417064"
21749741,2026-01-01,4,"165509894,253554998,96446676,41281825"
21749741,2025-11-01,3,"321303270,597168237,193303593"
21749741,2025-09-01,5,"97922775,229816915,276120220,677134066,412681602"
21749741,2025-07-01,8,"432611092,298573930,451418775,83320760,70628852,98056618,325711339,507209076"
21749741,2026-04-01,5,"416344985,442764743,141004867,700538649,557873120"
21749741,2026-02-01,3,"286958394,394023154,258261917"
21749741,2025-12-01,2,"733721432,558894580"
21749741,2025-10-01,1,112246141
21749741,2025-08-01,2,"680466080,24483240"
21749741,2025-06-01,5,"387756080,527105392,680437407,47591896,27900408"
20895137,2025-11-01,1,147819596
20895137,2025-09-01,4,"359056332,709175303,465685497,445103400"
20895137,2025-07-01,1,257947505
20895137,2025-06-01,6,"179247340,83598144,539810949,97430285,189970956,699579148"
20895137,2025-10-01,3,"146485566,41182495,354135141"
20895137,2025-08-01,3,"23484271,29890345,20131122"
20895137,2025-12-01,1,175361914
20895137,2026-04-01,2,"390083037,438604841"
6324814,2025-07-01,5,"172174170,85532660,293445822,527613307,704355930"
6324814,2025-10-01,2,"502763831,246677249"
6324814,2025-06-01,2,"673972500,401213872"
6324814,2026-01-01,1,11443013
6324814,2025-09-01,2,"509790713,303742403"
6324814,2026-04-01,1,219340247
6324814,2025-08-01,3,"167837889,453242095,705483643"
37002963,2026-05-01,1,234116508
37002963,2025-09-01,5,"238799666,390287794,518482527,429575269,213179797"
37002963,2025-07-01,4,"165034865,696805231,176108010,258060443"
37002963,2026-03-01,3,"553157544,523220864,76256402"
37002963,2025-10-01,2,"12157003,180327567"
37002963,2025-08-01,5,"248309198,593171223,186915789,40548750,290376443"
37002963,2026-04-01,4,"754821997,419238160,407991212,149408956"
37002963,2025-06-01,7,"182046471,127574079,268443514,230796466,39163381,356642465,415138981"
39561705,2025-07-01,3,"325801019,389364671,284480841"
39561705,2025-08-01,1,467125461
39561705,2025-06-01,2,"32966157,337759375"
25081362,2026-01-01,1,535691390
25081362,2025-09-01,3,"135829435,26851075,112379409"
25081362,2025-07-01,6,"115845608,243389577,177259886,463778297,326887012,348214492"
25081362,2026-04-01,1,172000989
25081362,2025-12-01,2,"130196539,386225341"
25081362,2025-10-01,2,"45241972,459709571"
25081362,2025-08-01,7,"270399144,586928103,116562957,538876702,10251795,223397727,417813652"
25081362,2025-06-01,7,"561233670,466907892,36139924,112578877,237965834,97406341,28428142"
43947186,2025-09-01,1,134237617
43947186,2025-08-01,3,"37367404,360379302,684233665"
43947186,2025-07-01,1,90873576
43947186,2025-06-01,1,460978478
17972626,2025-09-01,1,48870068
17972626,2025-07-01,3,"396146328,651710498,222126206"
17972626,2026-03-01,1,409115437
17972626,2026-04-01,3,"743469432,229119293,723890876"
17972626,2025-08-01,5,"517007199,199983566,400222372,588426743,334764575"
17972626,2025-06-01,7,"688750887,387429977,429698311,670094766,358737750,111290319,211754769"
17972626,2026-02-01,1,247718116
28284197,2025-08-01,3,"423663581,407997277,75513894"
28284197,2025-09-01,1,710446119
28284197,2025-07-01,3,"476927420,701127337,122550847"
31686125,2025-12-01,1,13251710
31686125,2025-11-01,1,296278012
31686125,2025-08-01,3,"315267734,205023077,272536881"
31686125,2025-07-01,4,"118588512,196910120,156431922,565876628"
31686125,2025-06-01,3,"559118397,408825212,286090270"
31686125,2026-05-01,1,33610008
31686125,2026-04-01,1,210223260
13668094,2025-09-01,1,698229013
13668094,2025-07-01,4,"383537322,211091798,89277723,428150834"
13668094,2025-08-01,2,"347003156,409965122"
13668094,2025-06-01,3,"249496530,451089907,28523104"
43442748,2026-04-01,1,258584753
43442748,2025-09-01,2,"431834545,273414406"
43442748,2025-08-01,2,"514173145,571615682"
43442748,2025-07-01,1,558020919
43442748,2025-06-01,2,"244916613,378157242"
24454520,2025-09-01,1,319881727
16588053,2025-07-01,1,171651907
16588053,2025-09-01,3,"292363375,292363375,705643668"
16588053,2025-08-01,1,468681539
16588053,2025-10-01,1,442938974
26784340,2026-04-01,1,675403077
26784340,2025-08-01,2,"255799749,461029898"
26784340,2025-07-01,4,"71570473,402540142,341642537,41327036"
26784340,2025-06-01,5,"582948891,345360335,518972169,1863783,73271867"
20676708,2025-07-01,1,443429525
20676708,2026-03-01,1,63959784
20676708,2025-06-01,1,189999993
20676708,2025-08-01,2,"182161001,150577608"
41796847,2025-09-01,1,422329486
41796847,2025-06-01,1,256430533
41796863,2025-08-01,1,423340226
41796863,2025-06-01,1,349676334
41351035,2025-08-01,2,"543163130,409687292"
41351035,2025-07-01,1,37104552
41351035,2025-06-01,2,"567976194,390993379"
19782513,2025-06-01,2,"399879852,266968410"
14486130,2025-07-01,2,"451512533,321361641"
19782561,2025-08-01,2,"99885973,34829203"
34065086,2025-07-01,1,371976433
34065086,2025-06-01,1,566695688
20539879,2025-07-01,3,"192790999,191273122,58519925"
20539879,2025-06-01,1,250083282
43908429,2025-08-01,3,"442357091,216489017,675016715"
12668857,2026-05-01,1,711984059
12668857,2025-08-01,1,350799037
12668857,2026-02-01,1,491672973
18856655,2026-03-01,1,659589481
18856655,2026-01-01,3,"9745653,348203940,570793948"
18856655,2025-11-01,4,"496264027,383215232,373491987,580554680"
18856655,2025-09-01,2,"465403526,404907565"
18856655,2025-07-01,4,"197789970,708777388,708034422,469180347"
18856655,2026-04-01,2,"190086603,673287106"
18856655,2026-02-01,2,"675435360,386225341"
18856655,2025-12-01,1,215530748
18856655,2025-10-01,1,722535175
18856655,2025-08-01,2,"710636843,476885753"
18856655,2025-06-01,2,"126511122,555268507"
43601337,2025-06-01,1,276585906
43601337,2025-08-01,1,29958860
43601337,2026-03-01,1,95043265
36413167,2025-11-01,1,364413934
36413167,2025-09-01,5,"149709603,232284239,106546458,76593388,720358362"
36413167,2025-07-01,9,"20830131,209593643,167832283,401594467,268110361,25068528,140698485,559661144,303966548"
36413167,2025-12-01,3,"402129995,393435951,40046654"
36413167,2025-10-01,2,"137403373,158595848"
36413167,2025-08-01,2,"426720755,86050392"
36413167,2025-06-01,5,"326768737,378952260,255392299,570569866,655322360"
41397127,2025-07-01,4,"339728892,92307778,118527569,403021983"
41397127,2025-11-01,3,"102911174,684063267,454540554"
41397127,2025-09-01,2,"526390185,349323876"
41397127,2026-03-01,3,"391869217,750286872,236783876"
41397127,2026-04-01,1,154073569
41397127,2025-12-01,1,373393270
41397127,2025-10-01,1,17047420
41397127,2025-08-01,2,"19702326,439328427"
41397127,2025-06-01,7,"195836641,119848008,379959907,699366477,193856307,500233280,674396193"
41397127,2026-02-01,2,"249251578,448901728"
25335850,2025-08-01,1,396760247
25335850,2025-07-01,2,"74044964,154993616"
25335850,2025-06-01,1,400915343
6661625,2025-07-01,5,"66089637,5880728,54863848,137130582,339201614"
6661625,2025-06-01,3,"5753018,346393800,156160833"
32311002,2025-07-01,3,"73380761,212739392,77859800"
32311002,2025-11-01,3,"158488467,327519153,108685202"
32311002,2025-09-01,4,"383067838,704418581,438634365,127942116"
32311002,2026-01-01,1,39924951
32311002,2025-10-01,3,"168053036,61992513,87700750"
32311002,2025-08-01,5,"35625129,164698359,76654173,670828855,28652085"
32311002,2025-06-01,3,"99744668,479200969,249639663"
38234733,2026-05-01,2,"396096109,415097497"
38234733,2026-03-01,5,"395177852,747394557,671895776,525519453,746187459"
38234733,2025-09-01,4,"215971170,52014983,174293064,183408956"
38234733,2025-07-01,4,"227732329,45236591,264915191,59994043"
38234733,2025-11-01,3,"460424227,249087828,729074475"
38234733,2026-01-01,5,"498139827,240927166,503441479,672809945,115169503"
38234733,2026-04-01,2,"311278150,537307833"
38234733,2025-12-01,1,70493194
38234733,2025-10-01,5,"408829406,375972692,716234235,399810787,18226316"
38234733,2025-08-01,3,"559478766,424004460,77776054"
38234733,2025-06-01,6,"129056176,237491765,191968025,697756011,490322030,449070631"
38234733,2026-02-01,4,"109527927,539995625,439881816,225595011"
43354648,2025-11-01,2,"182309143,1719750"
43354648,2025-09-01,2,"114978910,266082728"
43354648,2025-07-01,4,"14522027,344618204,71733311,27913136"
43354648,2026-04-01,2,"27618748,695903904"
43354648,2025-08-01,4,"166474914,178827840,202109076,468955055"
43354648,2025-06-01,1,587960385
42807056,2025-10-01,1,138338057
42807056,2025-07-01,1,655820202
42807056,2025-06-01,1,504230858
21900377,2025-11-01,1,243760295
21900377,2025-09-01,1,340566550
21900377,2025-07-01,2,"289078945,391433978"
21900377,2026-04-01,1,156126610
21900377,2026-02-01,1,747459387
21900377,2025-12-01,1,486442578
21900377,2025-08-01,1,111940500
21900377,2025-06-01,2,"290429016,420022108"
23897968,2025-09-01,1,489532652
23897968,2025-08-01,2,"136175201,237647674"
23897968,2025-07-01,2,"533909140,194135835"
23897968,2025-06-01,4,"7578182,521662800,240246967,225447557"
26398390,2025-09-01,2,"350176695,531682948"
26398390,2025-07-01,3,"441691354,432014870,34808356"
26398390,2025-08-01,2,"64107867,242962251"
26398390,2025-06-01,3,"417586092,268238322,486812021"
14667455,2025-07-01,1,678179075
19652386,2025-07-01,3,"187744077,365863810,197340707"
19652386,2025-08-01,2,"654830737,318068581"
19652386,2025-06-01,3,"278009078,661278853,162619375"
17494416,2025-10-01,1,59245576
34477104,2025-08-01,1,122934800
34477104,2025-09-01,1,455807519
43509155,2026-03-01,2,"270579325,47203618"
43509155,2026-01-01,1,78478130
43509155,2025-11-01,3,"351704425,150001668,73097385"
43509155,2025-09-01,1,115265465
43509155,2025-07-01,2,"133095154,435722390"
43509155,2026-04-01,1,245331854
43509155,2025-10-01,3,"448229652,326050380,650650593"
43509155,2025-08-01,1,380594238
43509155,2025-06-01,3,"117379423,198036569,694289964"
20944761,2025-09-01,1,120753100
20944761,2025-08-01,3,"459232815,228200428,143934382"
20944761,2025-07-01,2,"11208237,237695822"
20944761,2026-05-01,7,"18282189,751246505,247477591,341426667,305071820,173568647,162109502"
20944761,2026-04-01,4,"450537282,25373358,439620479,408364859"
20944761,2026-03-01,2,"263867859,752076886"
20944761,2026-01-01,1,133715021
20944761,2025-06-01,4,"44689427,11251331,659108510,47558886"
35611183,2025-08-01,1,229490126
35611183,2025-07-01,3,"117174249,297411257,387264472"
35611183,2025-06-01,2,"199693881,69694037"
34499005,2026-04-01,1,21184996
34499005,2025-08-01,1,588203915
38102964,2026-04-01,3,"135586670,76459257,38555717"
38102964,2026-03-01,2,"718847852,402881431"
38102964,2026-02-01,1,60513441
38102964,2025-11-01,1,21613105
35642410,2025-09-01,2,"234625925,473353469"
35642410,2025-07-01,3,"379878898,356160398,58095939"
35642410,2026-01-01,1,89394178
35642410,2026-04-01,2,"256434499,44756023"
35642410,2025-08-01,4,"384453520,449880313,209124998,152624779"
35642410,2025-06-01,2,"239999191,250757812"
19608360,2025-07-01,5,"23456349,396363261,303619541,341716114,531250060"
19608360,2025-11-01,2,"725331820,65805358"
19608360,2026-01-01,1,116979225
19608360,2026-04-01,1,16203358
19608360,2026-02-01,2,"82749811,741944473"
19608360,2025-10-01,2,"401913627,725695499"
19608360,2025-08-01,4,"33142777,15349747,714704729,533642018"
19608360,2025-06-01,4,"73654745,698445303,69889992,142893000"
43937800,2026-05-01,1,677013416
43937800,2026-04-01,1,56752952
43937800,2026-03-01,1,745668972
43937800,2025-08-01,4,"656672862,469174294,425785926,271870822"
43937800,2025-06-01,2,"100938730,464564429"
43937800,2025-07-01,4,"345521378,664149268,538771461,122076601"
41527866,2026-05-01,3,"751865301,149549013,235975283"
41527866,2026-03-01,1,589899131
41527866,2025-07-01,1,546043559
41527866,2025-09-01,1,66814964
41527866,2025-06-01,3,"29249578,375434135,275672182"
41527866,2025-08-01,5,"385649553,28966635,64974731,446997961,343733514"
41527866,2025-12-01,1,577214336
41527866,2025-10-01,1,407570029
41527866,2026-02-01,1,265023639
42666690,2025-07-01,2,"136001606,178632289"
42666690,2025-09-01,4,"491184628,83914612,89933417,405425559"
42666690,2025-11-01,1,225456635
42666690,2026-03-01,1,22100655
42666690,2026-05-01,5,"78349818,366165091,55382102,257328426,747874072"
42666690,2025-06-01,2,"37055602,247329282"
42666690,2025-08-01,4,"345899988,351356193,424467999,105765036"
42666690,2025-10-01,3,"237685332,21897662,151381294"
42666690,2026-04-01,5,"78349818,514339070,116990636,688286037,444819263"
43665418,2025-08-01,2,"514832401,451578007"
43665418,2025-07-01,3,"490579532,237292602,68811431"
43665418,2025-06-01,2,"350224171,285136099"
23189790,2025-08-01,1,473189933
12148992,2025-07-01,7,"460378107,153979679,572641026,38793172,499356410,154167516,29566795"
12148992,2026-03-01,2,"202277743,330674409"
12148992,2025-10-01,1,176988951
12148992,2025-06-01,4,"142187541,1916908,54408474,261879497"
12148992,2026-02-01,1,118845080
12148992,2025-09-01,4,"148271924,112004776,210885788,597563082"
12148992,2025-08-01,4,"541959301,92997406,358439746,162143115"
12148992,2026-04-01,3,"508117845,417678803,561785240"
577529,2025-07-01,2,"41915114,19733729"
577529,2025-11-01,2,"196671202,489298824"
577529,2025-09-01,1,62173248
577529,2026-01-01,1,480557826
577529,2025-12-01,1,140085695
577529,2026-04-01,2,"748998300,86411450"
577529,2025-08-01,1,703571064
577529,2025-06-01,2,"16290195,91322191"
5850829,2026-05-01,3,"416651869,348346355,328047015"
5850829,2025-09-01,1,517789583
5850829,2025-07-01,2,"221172718,97440871"
5850829,2025-08-01,2,"496235478,302578434"
5850829,2025-06-01,3,"25810354,347584299,688976917"
40804657,2026-04-01,2,"2402731,697514500"
40804657,2026-03-01,4,"548978267,697725204,365009503,696330707"
40804657,2026-02-01,2,"500379793,500379793"
40804657,2026-01-01,1,36165257
40804657,2025-12-01,1,24062601
40804657,2025-11-01,2,"582526916,510224236"
40804657,2025-09-01,1,403526738
40804657,2025-08-01,1,238455516
40804657,2025-07-01,2,"288898041,177380142"
40804657,2025-06-01,1,318192994
37023929,2026-05-01,6,"1674249487280485775,134558226,506570695,443773168,425888728,242396469"
37023929,2026-03-01,6,"729785714,449692286,80905545,110662581,376066070,23636378"
37023929,2025-11-01,3,"556507767,36627649,64436843"
37023929,2025-09-01,5,"221760785,696199076,337811348,13580450,70641633"
37023929,2025-07-01,4,"92670944,32115561,486628511,498943418"
37023929,2026-04-01,7,"167551925,728590500,750364234,173574615,69242831,1005021,136956472"
37023929,2026-02-01,1,274904722
37023929,2025-10-01,9,"720193609,41205765,4348066,282770125,120198661,404792253,18840304,557548888,24074507"
37023929,2025-08-01,1,710573243
37023929,2025-06-01,5,"315357731,691066491,266495100,109277390,157401307"
43768775,2025-08-01,1,229464940
43768775,2025-07-01,1,360749468
43768775,2025-06-01,1,22007805
43985066,2025-07-01,2,"259025782,361168629"
43985066,2025-06-01,1,563027577
24577328,2025-11-01,2,"523298105,488782784"
24577328,2025-07-01,2,"389160909,360678835"
23924631,2025-09-01,1,54970541
23924631,2025-06-01,1,130823054
34177054,2025-09-01,3,"667629403,716483272,21937464"
34177054,2025-08-01,1,157285299
34177054,2025-07-01,3,"516862235,701320177,292026100"
34177054,2025-06-01,2,"463948435,697735186"
33166559,2025-07-01,2,"458208504,16896819"
33166559,2025-06-01,2,"572322401,39439088"
17237357,2025-09-01,3,"303152507,288869360,191543456"
17237357,2025-08-01,1,182758215
17237357,2025-06-01,2,"436629930,539587656"
22727918,2025-06-01,4,"62450231,372407126,681443440,205779481"
22727918,2025-08-01,3,"388025582,105706311,282808379"
22727918,2025-07-01,1,687065504
22727918,2025-10-01,1,105739524
22727918,2025-09-01,3,"425769006,52777091,136416641"
22727918,2026-03-01,1,740227634
14667588,2025-09-01,3,"133227533,440563603,238355929"
14667588,2025-07-01,2,"424919539,684441294"
14667588,2025-08-01,7,"577049631,342379965,560479730,158423573,443191622,481792116,191620807"
14667588,2025-06-01,3,"60783254,122521668,493383869"
21661852,2025-06-01,1,350060883
34224110,2026-04-01,5,"215529247,699952171,57688449,755151908,129881907"
34224110,2026-05-01,1,257130526
34224110,2025-09-01,1,445896019
34224110,2025-08-01,1,441996695
34224110,2025-07-01,7,"345993928,203808204,703141447,192349975,323469783,38290617,238304087"
34224110,2025-06-01,2,"567514149,32936335"
4031683,2026-04-01,3,"756018151,32141248,213411222"
4031683,2025-11-01,2,"725829603,410173587"
4031683,2025-10-01,1,57005513
4031683,2025-09-01,4,"321208575,68586249,114845293,471026012"
4031683,2025-08-01,3,"10094805,270081328,350857539"
4031683,2025-07-01,1,456951784
4031683,2025-06-01,1,173117575
18489136,2025-09-01,1,530903772
18489136,2025-07-01,3,"171684745,428302410,404502041"
18489136,2026-05-01,1,436046425
18489136,2025-10-01,3,"108757899,46796416,498750751"
18489136,2025-06-01,2,"145330950,395917824"
18489136,2026-04-01,1,121419201
19782560,2026-03-01,1,80048497
19782560,2025-08-01,1,212505836
24420352,2026-03-01,3,"18084413,42527632,15137870"
24420352,2025-09-01,3,"174792334,124420338,191278871"
24420352,2025-07-01,4,"401824916,389754140,473765491,108591382"
24420352,2026-04-01,4,"401723118,96358802,122581564,570381446"
24420352,2025-12-01,2,"229575080,492608107"
24420352,2025-10-01,1,132283295
24420352,2025-08-01,5,"153499787,357661111,251430403,96168104,276439891"
24420352,2025-06-01,4,"118992952,435619327,455851832,386724563"
19782590,2025-06-01,1,450612971
36836269,2025-09-01,1,318215950
36836269,2025-08-01,1,518647652
36836269,2025-06-01,1,121763910
17935387,2026-03-01,2,"169906510,115486883"
17935387,2025-11-01,1,226321633
17935387,2025-09-01,2,"470844090,495361039"
17935387,2025-07-01,2,"677134066,175332618"
17935387,2026-04-01,1,186218965
17935387,2025-10-01,1,713279720
17935387,2025-08-01,1,532501788
17935387,2025-06-01,3,"389402967,456183046,206558469"
16911020,2026-05-01,1,659815388
16911020,2025-11-01,1,490097745
16911020,2025-10-01,1,2423090
16911020,2025-09-01,1,176282620
16911020,2025-08-01,1,326492723
16911020,2025-06-01,3,"24086592,429834224,16250402"
16911020,2025-07-01,1,27954658
39477387,2026-04-01,2,"225312649,560750795"
39477387,2026-03-01,2,"309951167,238119358"
39477387,2026-02-01,5,"507206952,187529474,219777242,125077593,164453988"
39477387,2026-01-01,2,"104013911,314538921"
39477387,2025-11-01,1,52460613
39477387,2025-10-01,3,"145562437,465771259,670302480"
39477387,2025-09-01,2,"365143230,651215498"
39477387,2025-08-01,5,"160436937,188549573,534403110,541786565,461720303"
39477387,2025-07-01,2,"61140248,368171780"
39477387,2025-06-01,4,"599514565,697310110,4162849,393870246"
43803964,2026-05-01,3,"225624550,361624759,443468728"
43803964,2026-03-01,5,"153428181,132373537,574200873,93919850,137168924"
43803964,2026-01-01,6,"173892611,672402524,675864125,33028228,130319995,451792991"
43803964,2025-11-01,5,"439592345,388462427,73987744,461226867,138598114"
43803964,2025-09-01,6,"28418071,382671259,156933058,69226874,490523120,38674987"
43803964,2025-07-01,6,"571491524,59842514,58984858,354521883,287191427,133922786"
43803964,2026-04-01,6,"472810840,83332773,123527420,699775670,338368383,393695841"
43803964,2026-02-01,3,"538770751,230344862,168659519"
43803964,2025-12-01,6,"424713761,298238151,278200067,407734410,386987310,28720181"
43803964,2025-10-01,4,"718203447,37917976,253754142,335578326"
43803964,2025-08-01,10,"233106033,247093041,48411723,54084693,225001146,268979251,90996408,352222851,394124601,716047383"
43803964,2025-06-01,4,"509562945,193153899,256655759,351552418"
25432809,2025-09-01,2,"675455580,484399669"
25432809,2025-07-01,5,"144122457,5625186,682020701,150304198,123524837"
25432809,2026-05-01,2,"544949914,388068307"
12149774,2026-03-01,1,80218845
12149774,2025-11-01,1,427150239
12149774,2025-07-01,3,"72890942,80217167,128672396"
12149774,2026-02-01,1,745919250
12149774,2025-10-01,1,237067006
12149774,2025-06-01,3,"434422516,345988038,180714253"
12149774,2026-05-01,3,"521223180,411889429,18359204"
12149774,2025-09-01,5,"360499528,340422091,87993328,473865797,390264106"
12149774,2026-04-01,2,"262205496,372215426"
12149774,2025-08-01,4,"83061652,188371727,11211451,79014529"
43701419,2025-06-01,1,29559781
37678419,2025-11-01,1,84922456
37678419,2025-09-01,1,83744211
37678419,2025-10-01,1,724140119
39045239,2025-09-01,2,"227347413,391693334"
39045239,2025-08-01,5,"179770565,230262567,68433595,47192673,706325214"
39045239,2025-07-01,3,"548559668,104390071,445802779"
39045239,2025-06-01,5,"72753484,675486525,247989395,86087831,428643181"
39045239,2026-04-01,4,"115163363,172415744,152035275,354025921"
39045239,2026-05-01,3,"308843279,313078921,143741357"
27262104,2026-05-01,2,"744847247,702074920"
27262104,2026-03-01,2,"678301427,228286584"
27262104,2025-07-01,4,"279756727,391176973,176090076,357310334"
27262104,2025-09-01,2,"204768750,333905128"
27262104,2025-11-01,2,"696077121,144509018"
27262104,2026-01-01,1,455195389
27262104,2026-04-01,5,"297390681,749041047,346785280,355786330,489892719"
27262104,2025-06-01,4,"293250016,563272352,370080453,298699173"
27262104,2025-08-01,6,"356985551,359874287,580234620,199242132,248157668,650064100"
27262104,2025-10-01,2,"572233096,280944245"
42686258,2025-10-01,1,73664589
42686258,2025-07-01,1,52715853
42686258,2025-06-01,1,90821834
36181854,2025-08-01,2,"270608940,530556313"
36181854,2025-09-01,1,278350278
36181854,2025-06-01,2,"139020217,176434390"
36181854,2025-07-01,2,"174904133,129058039"
19728481,2025-09-01,2,"134533661,401891848"
19728481,2025-07-01,4,"263321675,76744422,224899649,538597091"
19728481,2025-10-01,1,169767968
19728481,2025-08-01,5,"595796834,332020825,672488834,505542918,207275721"
19728481,2025-06-01,4,"57447325,105152929,444536898,189614413"
11480614,2026-05-01,2,"176023365,563307205"
11480614,2026-03-01,3,"350599483,361850903,341434481"
11480614,2025-11-01,1,519283802
11480614,2025-09-01,4,"491353602,552723508,509411300,142987679"
11480614,2025-07-01,7,"138039686,108869985,500933644,275786579,449236841,654317634,240226529"
11480614,2026-04-01,2,"303660953,346453173"
11480614,2025-10-01,1,334167917
11480614,2025-08-01,2,"706393474,166267097"
11480614,2025-06-01,5,"521521479,200920533,119708166,598098772,262580403"
23901979,2025-10-01,1,540313133
23901979,2025-09-01,2,"248857382,568415391"
23901979,2025-07-01,2,"218132043,590783441"
21448550,2026-05-01,1,345189011
21448550,2026-03-01,4,"748968246,148597536,677454477,461742893"
21448550,2026-01-01,3,"39260934,393141813,504926071"
21448550,2025-11-01,1,70178309
21448550,2025-09-01,7,"62052395,237550793,366572049,455404404,518095914,721040320,393180123"
21448550,2025-07-01,5,"586268307,579494882,350217600,693040688,190599994"
21448550,2026-04-01,5,"213606522,128996779,569595078,753097310,347654800"
21448550,2026-02-01,2,"712041588,49902804"
21448550,2025-12-01,2,"137884601,214520483"
21448550,2025-10-01,1,218310079
21448550,2025-08-01,5,"144485753,278168867,472557438,441667088,37703152"
21448550,2025-06-01,5,"387756080,338746065,497004599,252400358,58779908"
40605773,2025-11-01,1,526694834
40605773,2025-10-01,1,382898705
40605773,2025-09-01,2,"242360236,226766380"
40605773,2025-08-01,4,"99051417,124060107,692014522,700094068"
40605773,2025-07-01,6,"502675254,563125337,703944123,378888427,576389076,469887481"
40605773,2025-06-01,5,"585330429,82890585,69427309,62259444,116898810"
19782538,2025-08-01,1,543183197
35909714,2025-08-01,1,69647941
35909714,2025-07-01,2,"231113063,62254474"
35909714,2025-06-01,1,668564626
33871957,2026-05-01,2,"166566306,469539970"
33871957,2026-03-01,1,348699243
33871957,2026-01-01,1,421933128
33871957,2025-11-01,1,34874321
33871957,2025-09-01,4,"396459701,279232934,40390089,80885089"
33871957,2025-07-01,3,"395681668,173695543,1867172"
33871957,2025-06-01,5,"56275042,209113191,377137447,51273654,509060148"
33871957,2025-12-01,1,213384246
33871957,2025-08-01,4,"4700727,109743807,302781043,154970818"
33871957,2026-04-01,1,253717636
17593741,2025-08-01,2,"518247290,708811675"
17593741,2025-07-01,2,"582330356,398783246"
17593741,2025-06-01,1,556406978
42353106,2025-07-01,3,"704695325,574758765,459214306"
42353106,2025-11-01,4,"396331463,105391341,261559159,719162840"
42353106,2025-09-01,7,"424968992,59531836,716363709,330211777,696201278,336545862,719226869"
42353106,2026-03-01,2,"746939645,396638125"
42353106,2026-04-01,3,"507271527,154247690,274744795"
42353106,2025-12-01,1,696952033
42353106,2025-10-01,3,"443148953,92361705,452511500"
42353106,2025-08-01,5,"194987597,582703320,140641690,382353585,206993352"
42353106,2025-06-01,5,"68306994,698195135,698390681,248296235,590469150"
42353106,2026-02-01,1,466464860
21409856,2026-05-01,1,347002102
21409856,2025-08-01,1,575288677
21409856,2025-07-01,1,365108377
21409856,2025-06-01,1,151238541
25517425,2026-03-01,2,"747949791,746828242"
25517425,2025-11-01,1,432639292
25517425,2025-09-01,1,190890169
25517425,2025-07-01,2,"412699231,41801995"
25517425,2026-04-01,2,"150871880,750260201"
25517425,2026-02-01,1,300289778
25517425,2025-12-01,1,378391516
25517425,2025-10-01,1,692431151
25517425,2025-08-01,2,"321497530,464243423"
25517425,2025-06-01,2,"335500778,574018648"
41796894,2025-06-01,1,121708245
41796894,2025-07-01,1,17736121
29681973,2026-03-01,2,"91736419,747645823"
29681973,2026-01-01,1,178811721
29681973,2025-11-01,2,"468468005,67975797"
29681973,2025-09-01,2,"356560919,256323648"
29681973,2025-07-01,2,"236723580,396707278"
29681973,2025-08-01,4,"557403549,114751606,150329436,586314302"
29681973,2025-06-01,3,"41864900,4042331,96113321"
29681973,2025-12-01,2,"243440522,134589985"
29681973,2025-10-01,2,"288161906,428459154"
29681973,2026-04-01,2,"554430491,236723580"
33089005,2026-04-01,1,382759661
33089005,2025-08-01,2,"123876999,361445383"
33089005,2025-07-01,3,"26761937,689577178,707626105"
33089005,2025-06-01,2,"76756497,61021974"
39391549,2025-09-01,5,"705734075,585569944,12602887,653489800,96958054"
39391549,2025-07-01,3,"350598422,562740971,273622020"
39391549,2026-05-01,2,"441231085,526082420"
39391549,2025-08-01,3,"530863265,388685518,329698494"
39391549,2025-06-01,4,"450287558,442507533,346046111,281627705"
39391549,2026-04-01,3,"669770600,151452481,158570770"
40860843,2025-09-01,2,"106594633,419138413"
40860843,2025-08-01,3,"393191771,11746569,375505212"
40860843,2025-07-01,2,"586025408,492511760"
40860843,2025-06-01,3,"132059559,592334431,120970003"
42903652,2026-03-01,3,"339029469,744176232,79367510"
42903652,2025-09-01,6,"383963547,211736014,406446583,79367510,688562205,404096143"
42903652,2025-07-01,4,"389498760,426065156,61251069,251395688"
42903652,2026-04-01,2,"508566630,491197783"
42903652,2025-10-01,1,696868053
42903652,2025-08-01,2,"125759538,480083726"
42903652,2025-06-01,3,"454397312,283071054,147280273"
27032613,2026-05-01,3,"186692837,364441199,173182039"
27032613,2026-03-01,2,"504651229,204792671"
27032613,2026-01-01,1,76824550
27032613,2025-11-01,3,"28415641,45747534,366431536"
27032613,2025-09-01,3,"454000784,512459630,9605766"
27032613,2025-07-01,4,"672556311,443310293,65198089,686548164"
27032613,2026-04-01,2,"347903179,207156675"
27032613,2025-10-01,4,"7384563,7623323,598409384,3521236"
27032613,2025-08-01,5,"103103233,692681192,338227810,397397229,452764410"
27032613,2025-06-01,3,"35388098,42597854,74219288"
27030710,2026-04-01,1,345935781
27030710,2026-03-01,1,299607201
27030710,2026-02-01,1,256484309
27030710,2025-10-01,1,449281777
27030710,2025-07-01,1,465101343
27030710,2025-06-01,1,488771981
39583846,2026-05-01,1,334472798
39583846,2026-04-01,4,"443685620,173091305,337753444,348919723"
39583846,2026-03-01,5,"317751080,108129370,585410204,234636946,79728513"
39583846,2026-02-01,1,52949996
39583846,2025-12-01,1,344829880
39583846,2025-11-01,1,94414663
39583846,2025-10-01,1,245120276
39583846,2025-09-01,4,"314518479,684340966,467134825,556536422"
39583846,2025-08-01,4,"68417442,705747696,522972253,34231275"
39583846,2025-07-01,4,"355285202,570186235,128786128,66946979"
39583846,2025-06-01,3,"412440095,212679678,346180786"
24357424,2026-03-01,3,"160208871,520245362,26131938"
24357424,2026-01-01,1,510716265
24357424,2025-11-01,3,"95953971,279047479,695676182"
24357424,2025-09-01,7,"339966280,700483129,675775341,452967765,683041536,87579171,185756670"
24357424,2025-07-01,5,"688178302,549755254,702268681,34694315,265050501"
24357424,2026-04-01,6,"81162585,341015066,724056030,748829977,699588178,459942861"
24357424,2026-02-01,2,"418658380,135987945"
24357424,2025-12-01,1,145264420
24357424,2025-10-01,4,"200823549,388599266,721891850,714408507"
24357424,2025-08-01,5,"89194555,395307100,125957095,445024101,136406708"
24357424,2025-06-01,4,"313612025,236634289,584613528,458283149"
34974785,2025-10-01,1,175167865
34974785,2025-09-01,1,137161388
34974785,2025-08-01,3,"466102505,55961387,682166342"
34974785,2025-07-01,7,"346484288,347904016,224051796,324398722,669289425,669513365,679823610"
34974785,2025-06-01,7,"384818397,455513042,511293309,85299923,56753055,586295309,590043949"
18825657,2025-07-01,1,659926360
18825657,2025-06-01,2,"374857282,250917241"
18825657,2025-09-01,1,363880157
18825657,2026-05-01,1,130603133
34498979,2025-06-01,1,202714891
42643960,2025-10-01,1,417733960
42643960,2025-09-01,4,"713092019,469231796,345981385,536585457"
42643960,2025-08-01,8,"693234958,248117294,25172952,184698691,70806793,379098986,271812353,437099575"
42643960,2025-07-01,2,"596820916,687611392"
42643960,2025-06-01,3,"216996729,147273892,399339198"
33453715,2025-11-01,1,255466456
33453715,2025-09-01,2,"154466272,158341881"
33453715,2025-07-01,2,"56907706,94243668"
33453715,2025-08-01,1,386916727
33453715,2025-06-01,2,"33525913,324322581"
31672113,2025-08-01,1,520374778
31672113,2025-07-01,3,"426812074,3985154,446164353"
31672113,2025-06-01,1,681782415
19584703,2026-05-01,2,"42147545,164351365"
19584703,2026-03-01,3,"72129468,96603959,660530907"
19584703,2025-11-01,2,"46449128,288428802"
19584703,2025-09-01,4,"263617856,415911938,17970675,18318221"
19584703,2026-01-01,2,"479080868,435067182"
19584703,2026-04-01,4,"323645920,120142809,128147178,337589658"
19584703,2026-02-01,1,354529237
19584703,2025-10-01,3,"476703447,114174699,239793035"
19584703,2025-08-01,6,"239209828,660530907,695264773,55818784,710443649,528631157"
19584703,2025-06-01,4,"263107608,37123383,586244703,177854626"
33883923,2026-05-01,4,"177718827,1677744076484528195,430520219,336840420"
33883923,2025-11-01,2,"216762683,566245229"
33883923,2025-09-01,3,"665864006,153799162,3965267"
33883923,2025-07-01,5,"511452289,572475825,702843060,345557529,703952809"
33883923,2026-04-01,6,"49075714,404058287,427574320,25324995,216203393,671992844"
33883923,2026-02-01,1,411277924
33883923,2025-12-01,1,723343166
33883923,2025-10-01,4,"150103502,399431978,93357535,716245124"
33883923,2025-08-01,10,"296089557,498029140,345796205,417832941,701318471,44309173,469893508,702270278,276923613,358896343"
33883923,2025-06-01,3,"223335320,526126906,515502184"
19782577,2025-08-01,4,"60943203,90076059,390729032,448770954"
19782577,2025-07-01,1,26408211
19782577,2025-06-01,1,117155610
41796911,2025-07-01,1,118516629
41796911,2025-08-01,1,402193496
28611910,2025-09-01,2,"431273246,145523825"
28611910,2025-07-01,1,485330964
28611910,2025-08-01,3,"2270559,366456169,376554829"
28611910,2025-06-01,3,"394327521,440715842,680713032"
34477175,2025-10-01,1,587212506
34477175,2025-09-01,1,497163876
34477175,2025-07-01,3,"17172299,402538699,259563093"
34477175,2025-06-01,4,"406448842,585917639,366358173,690888937"
19782540,2025-09-01,1,58468206
36698322,2026-03-01,1,395770452
36698322,2026-04-01,2,"439198877,377216718"
36698322,2025-10-01,1,11804575
36698322,2025-09-01,3,"152072160,100889854,67820026"
36698322,2025-08-01,3,"84313235,699858775,53978114"
36698322,2025-07-01,4,"406715923,202571501,335841068,241256442"
36698322,2025-06-01,4,"115416998,195951541,482681311,244801473"
23272272,2026-04-01,4,"404210264,698009315,123475639,167595514"
23272272,2026-03-01,5,"127090380,409009972,680148753,740819438,23876845"
23272272,2026-02-01,2,"683184988,340451938"
23272272,2026-01-01,1,259732117
23272272,2025-11-01,2,"482933480,521071747"
23272272,2025-10-01,1,904290
23272272,2025-09-01,1,62531130
23272272,2025-08-01,2,"706168147,188508455"
23272272,2025-07-01,2,"220846980,568701031"
23272272,2025-06-01,3,"56771478,400051398,174540754"
42901883,2026-03-01,4,"489784324,260896805,282198184,323474431"
42901883,2025-07-01,3,"558452068,345494014,445715009"
42901883,2026-01-01,1,278179854
42901883,2025-08-01,1,700587184
42901883,2025-06-01,1,380365033
42901883,2025-12-01,1,335575016
42901883,2026-04-01,2,"268199362,121850305"
39430201,2026-05-01,1,433500472
39430201,2026-03-01,4,"676459582,131672559,224214065,515688997"
39430201,2026-01-01,1,276685928
39430201,2025-11-01,2,"363697079,718584540"
39430201,2025-09-01,3,"242622472,425491466,715505972"
39430201,2025-07-01,6,"540640282,110035110,567235687,575189138,392143354,65088948"
39430201,2026-04-01,5,"179347039,166368359,451670867,496839709,221467693"
39430201,2026-02-01,1,323191206
39430201,2025-10-01,6,"82442665,567608555,691267656,722457566,462270088,693411399"
39430201,2025-08-01,8,"455654967,30047781,703378225,463491849,110729167,247130329,163222106,93243999"
39430201,2025-06-01,5,"368455995,195458153,134473100,75786275,499131320"
8701256,2025-07-01,3,"677521366,256690464,412202380"
8701256,2025-08-01,1,502215423
8701256,2025-06-01,1,539849431
16827619,2025-07-01,1,702707115
16827619,2026-04-01,2,"4413339,473509547"
16827619,2025-08-01,2,"96462082,692875579"
16827619,2025-06-01,2,"399877422,515381001"
41931832,2025-09-01,1,290399626
41931832,2025-07-01,3,"387326171,229375058,427359252"
41931832,2025-10-01,1,222454416
41931832,2025-08-01,4,"63554153,393251670,703511783,86149158"
41931832,2025-06-01,3,"125434175,162787249,264912912"
24730434,2026-03-01,1,727413691
24730434,2025-09-01,2,"490097745,430945583"
24730434,2025-07-01,3,"325377566,328371275,462286549"
24730434,2025-08-01,5,"345426670,370487725,89566101,205026548,235851242"
24730434,2025-06-01,2,"315558010,493414407"
18568288,2025-09-01,1,239548359
18568288,2025-07-01,3,"61500084,147640376,200675598"
18568288,2025-08-01,4,"66432388,310880211,174095703,411072629"
18568288,2025-06-01,4,"224223800,445968119,179594467,110518976"
16080449,2025-07-01,3,"352050251,558540717,708222302"
16080449,2025-06-01,3,"261591228,476745484,448780351"
35561242,2025-08-01,1,71740581
31593611,2025-11-01,2,"59528035,573340867"
31593611,2025-09-01,1,671238038
31593611,2025-07-01,3,"673023693,593946048,133020489"
31593611,2025-08-01,3,"24426932,291504204,76965167"
31593611,2025-06-01,3,"90071694,334459187,96908263"
20055749,2025-11-01,2,"552321341,577783632"
20055749,2025-10-01,2,"366618167,98656380"
20055749,2025-09-01,1,259275376
20055749,2025-08-01,3,"677756326,296938664,685772062"
20055749,2025-07-01,4,"507825756,130282757,228131094,348332926"
20055749,2025-06-01,2,"170267791,685772062"
43946919,2025-09-01,1,38688431
43946919,2025-08-01,2,"708944912,296391103"
43946919,2025-07-01,2,"702389525,376066070"
15779564,2026-04-01,2,"234987401,90103687"
29330907,2025-07-01,3,"509787219,19655110,321170265"
29330907,2025-08-01,3,"437521668,83185453,674240884"
29330907,2025-06-01,2,"199279641,389794165"
24930618,2025-08-01,1,383838134
24930618,2025-07-01,3,"225885504,204470814,23312250"
24930618,2025-06-01,1,653306776
30984682,2025-09-01,1,152102710
30984682,2025-07-01,2,"202071045,72609513"
30984682,2025-08-01,4,"99793291,11660358,94849722,114656599"
30984682,2025-06-01,3,"530656440,452685461,261006534"
32325635,2025-06-01,1,322795149
35389451,2025-09-01,1,302599687
32270752,2025-09-01,5,"147689507,26303302,370347197,42827808,377530741"
32270752,2025-07-01,3,"434650137,701337702,53469865"
32270752,2025-11-01,2,"234179621,585453166"
32270752,2026-03-01,1,746463745
32270752,2025-08-01,4,"709838378,567041023,518914566,330712651"
32270752,2025-06-01,3,"405875642,404793443,555071741"
32270752,2025-10-01,1,190099059
32270752,2026-04-01,3,"561889350,543265686,555314069"
21748561,2025-09-01,2,"507862647,218333710"
21748561,2025-07-01,5,"92067026,115711833,254405648,62996121,408889942"
21748561,2025-08-01,3,"346795344,56898515,15924503"
21748561,2025-06-01,3,"188112997,579802546,700024229"
17443734,2025-09-01,1,10920146
17443734,2025-07-01,2,"356548933,265252129"
17443734,2025-06-01,1,59189687
40838756,2025-09-01,4,"520917903,243684622,518811372,174033438"
40838756,2025-07-01,3,"414619200,386289481,247852172"
40838756,2026-04-01,4,"355766238,233632451,349094178,478751277"
40838756,2025-10-01,2,"11814947,392215218"
40838756,2025-08-01,4,"240197656,484963342,406787218,98072167"
40838756,2025-06-01,2,"212119047,203035405"
25100786,2025-09-01,2,"176099776,55124358"
25100786,2025-08-01,1,518621989
25100786,2025-07-01,2,"584211869,433498534"
18328404,2025-11-01,1,20998246
18328404,2025-09-01,4,"572170194,717105877,19927709,205671827"
18328404,2025-07-01,3,"147764385,508914293,210004126"
18328404,2025-10-01,2,"29218999,36595685"
18328404,2025-08-01,2,"595374904,296809602"
18328404,2025-06-01,6,"41271059,210549741,79317969,699919123,61525092,660771409"
26951988,2026-05-01,1,302525613
26951988,2026-01-01,1,670071018
26951988,2025-11-01,1,52979279
26951988,2025-09-01,1,165168540
26951988,2025-07-01,3,"160217265,177891944,582525295"
26951988,2026-04-01,4,"754951300,1994549,528502827,402976925"
26951988,2025-10-01,4,"514320382,504471598,573072670,463419905"
26951988,2025-08-01,5,"111125315,196444792,262213959,74364477,421049385"
26951988,2025-06-01,2,"368939863,124610466"
15499584,2026-03-01,4,"749924645,52257462,660498822,282145804"
15499584,2025-09-01,1,426982745
15499584,2025-11-01,2,"156805052,727297860"
15499584,2026-01-01,2,"223730882,704971423"
15499584,2026-04-01,2,"5359817,25596915"
15499584,2025-06-01,3,"229876659,199471507,6839017"
31863480,2026-05-01,1,371212382
31863480,2025-10-01,2,"295250653,531200639"
31863480,2025-09-01,3,"217402651,196552721,712600000"
31863480,2025-08-01,1,16250273
31863480,2025-07-01,2,"149424560,593797447"
31863480,2025-06-01,3,"446186831,485718402,581357903"
39500826,2025-06-01,1,440226128
33219532,2026-03-01,5,"21693064,67665387,363993107,747089891,523764520"
33219532,2026-01-01,1,11199942
33219532,2025-11-01,1,215879750
33219532,2025-09-01,2,"264809024,59777256"
33219532,2025-07-01,3,"516588580,349383310,392716507"
33219532,2026-04-01,2,"705909423,78796266"
33219532,2025-10-01,4,"561976645,501971604,531642501,109258879"
33219532,2025-08-01,4,"457280838,63912972,192801926,143998198"
33219532,2025-06-01,3,"691834374,263318231,36124172"
31443200,2025-08-01,1,461688066
31443200,2025-07-01,2,"270034352,330918917"
31443200,2025-06-01,1,264138628
33915237,2026-05-01,3,"524164731,400364728,459398048"
33915237,2025-09-01,2,"275069066,712584789"
33915237,2025-07-01,1,274607901
33915237,2026-03-01,3,"346254392,567369282,449836660"
33915237,2025-06-01,7,"384887328,153848061,690347464,698248041,517992788,576317248,246878114"
33915237,2025-08-01,2,"703543984,485128173"
33915237,2026-04-01,4,"388594845,187168633,366737549,232215927"
43366003,2025-09-01,2,"399885631,189562186"
43366003,2025-07-01,3,"178706670,384535248,463629843"
43366003,2026-03-01,3,"547714370,398810936,570786497"
43366003,2025-10-01,1,695323089
43366003,2025-08-01,2,"529696050,140315804"
43366003,2025-06-01,5,"66665977,577226955,6415192,242360697,256697371"
43366003,2026-04-01,3,"342269639,246854029,448448651"
41364027,2025-06-01,1,413749253
41364027,2025-09-01,1,510055763
8869021,2025-09-01,2,"287139690,716550435"
8869021,2025-07-01,2,"232749322,81150923"
8869021,2025-10-01,1,124050928
8869021,2025-08-01,2,"257230430,564319547"
24050466,2026-03-01,4,"37502799,36540743,444224963,79108246"
24050466,2025-11-01,2,"3463835,62846885"
24050466,2025-09-01,2,"10238870,532784468"
24050466,2025-07-01,4,"400470255,132524626,468071149,96491457"
24050466,2026-01-01,3,"448112170,230250780,8302119"
24050466,2026-04-01,2,"128757386,661553021"
24050466,2026-02-01,1,75648930
24050466,2025-12-01,2,"217212828,517885316"
24050466,2025-10-01,4,"218840826,98231240,698705515,72297394"
24050466,2025-08-01,3,"135135325,235928892,474890761"
24050466,2025-06-01,6,"661880171,581096584,270375413,501961460,232904821,8847016"
34508885,2025-07-01,2,"660867788,586673747"
34508885,2025-06-01,2,"273108822,529541341"
27526343,2025-07-01,2,"408572883,462593908"
36109144,2025-08-01,1,164497858
36109144,2025-07-01,2,"194015031,130656124"
36109144,2025-06-01,5,"121917,72290835,510328606,500483931,385513635"
30423397,2025-09-01,3,"694475755,109896736,107272398"
30423397,2025-08-01,1,572911324
30423397,2025-07-01,2,"339707595,301087480"
30423397,2025-06-01,1,203949296
42790716,2026-03-01,5,"77585537,267675465,689876159,376047110,694021639"
42790716,2026-01-01,1,395000964
42790716,2025-11-01,2,"72661959,344100422"
42790716,2025-09-01,4,"469359047,215836202,455243914,528064259"
42790716,2025-07-01,8,"231185110,691945000,179029653,110648687,493660812,126827964,15789735,390648245"
42790716,2026-04-01,9,"561074979,534013727,266337519,751898730,255196850,408859633,686569891,551773288,280327272"
42790716,2026-02-01,1,436304625
42790716,2025-12-01,5,"511102288,579088501,583090322,441825958,43037365"
42790716,2025-10-01,3,"369735151,91653355,357734341"
42790716,2025-08-01,4,"274891870,67885953,583130396,8087199"
42790716,2025-06-01,7,"678907908,395461358,564528772,201085509,447413186,477863602,343651819"
34328387,2026-05-01,2,"398775007,102868569"
34328387,2026-03-01,1,677206521
34328387,2026-01-01,1,574513825
34328387,2025-11-01,2,"36723140,123519056"
34328387,2025-09-01,4,"44769854,189562186,419238406,695010987"
34328387,2025-07-01,4,"94545335,583887916,29413152,85320510"
34328387,2026-04-01,2,"17741193,403037592"
34328387,2026-02-01,1,49135790
34328387,2025-12-01,1,248018210
34328387,2025-10-01,4,"206769337,3108405,700668858,425509988"
34328387,2025-08-01,2,"450999193,5110348"
34328387,2025-06-01,5,"435639276,384528096,170186804,73866448,164697431"
41058387,2026-03-01,4,"218276422,263456044,71534193,46367290"
41058387,2026-01-01,4,"34313362,25564558,560436768,235081744"
41058387,2025-11-01,3,"529050839,398997676,713736455"
41058387,2025-09-01,3,"465192258,177718708,268828218"
41058387,2025-07-01,7,"102280848,511451743,117211166,340083604,438757158,579746331,698829871"
41058387,2026-04-01,3,"102769244,80329599,67762651"
41058387,2025-12-01,4,"54615563,54879030,90391716,38609703"
41058387,2025-10-01,1,56550782
41058387,2025-08-01,6,"696821782,15184087,518990982,709349883,443167992,439391038"
41058387,2025-06-01,6,"237455179,37616261,200146215,290134594,49905487,221390222"
41058387,2026-02-01,3,"459221144,689619216,250288468"
13920626,2025-07-01,1,216740664
13920626,2025-09-01,2,"693377392,408569841"
25810444,2025-09-01,1,709827168
25810444,2025-07-01,1,414191181
25810444,2025-08-01,1,711166681
25810444,2025-06-01,2,"430683409,157058625"
43230135,2026-03-01,5,"703055681,199093820,172053303,532946509,102523456"
43230135,2026-01-01,5,"493178032,708710972,322793743,250324749,405662180"
43230135,2025-11-01,3,"408405905,17379054,107432125"
43230135,2025-09-01,6,"11689739,15868221,703643328,171114847,541148533,715245176"
43230135,2025-07-01,7,"5124487,340644633,272118951,26658333,656253626,397421592,577075643"
43230135,2026-04-01,9,"521797902,112990251,132331859,564198625,569446299,276302328,754962072,580799522,685896590"
43230135,2026-02-01,3,"119798807,469061228,418623950"
43230135,2025-12-01,3,"193750263,36304661,670761602"
43230135,2025-10-01,5,"513738948,169361249,31310906,75012049,464637702"
43230135,2025-08-01,9,"195711921,173019340,451279517,280918346,714818855,150969582,594513997,254372067,144627513"
43230135,2025-06-01,6,"9580652,410626109,460928712,410920181,339893109,359050304"
3756996,2025-09-01,1,267385804
3756996,2025-07-01,4,"265489136,233941989,255312300,100278440"
3756996,2025-12-01,1,445500382
3756996,2025-08-01,5,"687818115,143936074,674008347,52881399,473511400"
3756996,2025-06-01,5,"454481101,153502471,49426950,126098567,63970114"
34479400,2026-05-01,1,503776829
34479400,2026-03-01,5,"120670112,543106171,121364850,246895320,736054003"
34479400,2025-11-01,1,48206508
34479400,2025-09-01,5,"570914098,206539134,199565267,562423654,692074061"
34479400,2025-07-01,12,"465341883,212105142,94972330,569501805,31596734,565309767,446651018,217072649,448523835,709207278,239661056,702468490"
34479400,2026-04-01,3,"512678882,189120739,677706677"
34479400,2025-12-01,1,285631476
34479400,2025-10-01,3,"293756601,106564713,34700854"
34479400,2025-08-01,5,"50836357,1398617,209571066,367860312,273015185"
34479400,2025-06-01,5,"447954870,693231866,279495546,73113906,388397983"
34479400,2026-02-01,2,"357304201,181324775"
20931752,2025-06-01,1,240470660
23667688,2025-09-01,1,149476317
23667688,2025-07-01,3,"547129511,404942973,415988547"
23667688,2025-08-01,1,186301169
23667688,2025-06-01,2,"651731449,701488729"
37833273,2026-05-01,1,755990345
37833273,2026-03-01,5,"709015476,166901626,716370861,654115380,142980147"
37833273,2026-01-01,4,"402790437,143411142,339378871,740700305"
37833273,2025-11-01,6,"153265489,717218224,238245619,434840081,562719990,179162187"
37833273,2025-09-01,2,"40310437,115017559"
37833273,2025-07-01,5,"179537596,112108185,109731171,511214023,354144559"
37833273,2026-04-01,7,"210208839,165241327,67636136,672781297,393473880,350872681,346566724"
37833273,2026-02-01,3,"302387594,346406048,191642734"
37833273,2025-12-01,3,"467082993,213528321,275395325"
37833273,2025-10-01,6,"457420230,241531999,563407365,543307559,408406620,116761210"
37833273,2025-08-01,6,"691140735,148879713,155762934,78700246,244209677,234228228"
37833273,2025-06-01,3,"182289834,505516451,63880115"
43286292,2025-09-01,4,"465372442,113525058,426981989,685258206"
43286292,2025-08-01,1,147900899
43286292,2025-07-01,4,"262305020,475216831,670016571,585492770"
43286292,2025-06-01,5,"203127327,167761805,108607199,479028033,406114072"
40377073,2025-08-01,1,694476865
40377073,2025-07-01,2,"426645279,339835202"
39227388,2026-05-01,3,"236575670,536066233,1715275"
39227388,2026-03-01,1,238562252
39227388,2025-11-01,3,"509910153,5768671,301547215"
39227388,2025-09-01,4,"130819555,360804096,148135584,690217558"
39227388,2025-07-01,5,"278377181,169402545,323932930,402277234,456617780"
39227388,2026-04-01,4,"366979773,509557182,716080257,499376210"
39227388,2026-02-01,1,435583452
39227388,2025-10-01,4,"34048964,363285034,64291035,707223310"
39227388,2025-08-01,5,"454038578,429162407,502388497,438604487,282156461"
39227388,2025-06-01,7,"308346003,562607434,135368176,417173118,162031002,452599346,575564793"
38817499,2026-03-01,4,"726704766,5690135,301776998,286884571"
38817499,2025-11-01,1,176445169
38817499,2025-09-01,6,"189109860,555112069,543499463,158995829,705993980,424573714"
38817499,2025-07-01,5,"368896462,529133235,478699197,330401803,345721078"
38817499,2026-04-01,2,"366981393,39132286"
38817499,2025-12-01,1,705993980
38817499,2025-10-01,4,"522037945,113454355,295516914,5690135"
38817499,2025-08-01,4,"47206553,539975012,554107356,136580902"
38817499,2025-06-01,4,"575814022,345579875,246780489,282571844"
44147669,2026-03-01,2,"346813496,106203585"
44147669,2025-11-01,1,267227927
44147669,2025-09-01,1,384144295
44147669,2025-07-01,2,"205805808,560596919"
44147669,2026-04-01,1,433721631
44147669,2025-10-01,1,100265872
44147669,2025-08-01,4,"14469606,396152249,175925334,277721928"
44147669,2025-06-01,3,"12363768,147310997,533528712"
37753014,2025-07-01,3,"143247774,118823604,704679667"
37753014,2025-09-01,2,"517780126,460083991"
37753014,2026-03-01,1,14518114
37753014,2026-05-01,4,"406264623,335844372,36233220,1670598926539491703"
37753014,2025-06-01,4,"6314104,560321917,494492340,701060732"
37753014,2025-08-01,1,9176674
37753014,2025-10-01,1,103601899
37753014,2026-04-01,1,390255074
31036341,2025-10-01,2,"1807373,724252526"
31036341,2025-08-01,1,191353964
31036341,2025-07-01,1,470819422
31036341,2025-06-01,1,123098304
39136554,2025-08-01,2,"482803117,565183768"
39136554,2025-07-01,2,"61301545,81284396"
39136554,2025-06-01,4,"190808239,355173466,56120304,45600843"
41972139,2026-03-01,2,"356892386,159519040"
41972139,2025-11-01,1,159519040
41972139,2025-09-01,3,"264826171,88968692,707548575"
41972139,2025-07-01,2,"23750536,507400811"
41972139,2026-04-01,6,"753091777,717119597,752803875,58141353,354725967,355479077"
41972139,2025-10-01,1,532799424
41972139,2025-08-01,8,"108908079,440212921,269608869,440448744,141222105,454332005,135117763,135394220"
41972139,2025-06-01,6,"149716017,257401771,495940655,239112976,533278130,301776998"
43258872,2025-07-01,2,"388859725,39913069"
43258872,2025-11-01,1,127412185
43258872,2025-09-01,4,"180570832,56605895,288711955,678390105"
43258872,2026-03-01,2,"264179167,420275180"
43258872,2025-08-01,1,329335440
43258872,2025-06-01,2,"158580513,692096222"
43258872,2025-12-01,1,91019636
43258872,2025-10-01,2,"242273285,139845855"
43258872,2026-04-01,1,307215571
43579738,2026-04-01,1,214467776
43579738,2025-11-01,1,53174835
43579738,2025-08-01,4,"197464360,178646054,557458029,350221819"
43579738,2025-07-01,5,"401127428,274769904,368316758,246872494,456216267"
43579738,2025-06-01,2,"580775821,124039180"
21184862,2025-07-01,3,"424755058,205503071,405082087"
21184862,2025-06-01,1,196702523
21184862,2025-09-01,1,468079412
21184862,2026-05-01,2,"128983312,111657891"
14742449,2025-11-01,1,701907072
14742449,2025-09-01,2,"81939755,329396694"
14742449,2025-07-01,2,"348496174,692884703"
14742449,2025-08-01,3,"239158427,42210869,331471380"
14742449,2025-06-01,2,"442065631,381476755"
19782536,2025-06-01,1,172574293
43348570,2026-04-01,1,342581449
43348570,2025-08-01,3,"373420666,250191688,116837013"
43348570,2025-07-01,3,"364434681,273804279,678536432"
43348570,2025-06-01,2,"3521236,440952638"
41477436,2026-03-01,3,"209530301,438182039,17165064"
41477436,2026-01-01,1,362642109
41477436,2025-09-01,5,"243852972,194628988,325622038,167240161,415452699"
41477436,2025-07-01,4,"407682967,447060991,455622621,706371867"
41477436,2026-04-01,4,"54085470,451599587,526868600,481588714"
41477436,2026-02-01,3,"364579271,364579271,264394180"
41477436,2025-12-01,2,"94797283,160210128"
41477436,2025-10-01,4,"112714110,54049033,413950727,462454984"
41477436,2025-08-01,7,"168821331,456641585,568933685,137571815,354911011,478165409,363684598"
41477436,2025-06-01,5,"365673729,227372707,559632136,18407078,499494935"
43513850,2026-05-01,1,296550847
43513850,2026-03-01,3,"179751125,37924108,54641400"
43513850,2025-11-01,1,188775703
43513850,2025-09-01,1,86410067
43513850,2025-07-01,5,"393251383,321298149,344991021,506104030,38773286"
43513850,2026-04-01,4,"385732752,501636497,537748076,192086591"
43513850,2026-02-01,2,"422306222,88398327"
43513850,2025-10-01,1,91722570
43513850,2025-08-01,1,59599708
43513850,2025-06-01,4,"504913541,26130089,130762113,73208174"
34477048,2025-09-01,1,91724588
34477048,2025-08-01,3,"348642992,333885054,470140173"
34477048,2026-04-01,3,"117942601,246063894,549679991"
11205714,2025-10-01,1,274312863
11205714,2025-09-01,2,"433279838,444387424"
11205714,2025-08-01,2,"310718503,299138438"
11205714,2025-07-01,3,"83419349,155592610,101568153"
11205714,2025-06-01,3,"479927012,67092177,136741178"
2126691,2026-03-01,7,"160379357,203033137,345052242,11489318,26701535,85345157,143346098"
2126691,2026-01-01,3,"208918694,290783203,413521933"
2126691,2025-11-01,1,710199739
2126691,2025-09-01,4,"85329090,404301108,701725492,711718128"
2126691,2025-07-01,4,"350981846,520644888,497476775,290567597"
2126691,2026-04-01,3,"265852878,171434187,1679963"
2126691,2026-02-01,4,"355888124,382979370,12500869,45693614"
2126691,2025-12-01,1,658586044
2126691,2025-10-01,1,192939682
2126691,2025-08-01,5,"89172168,38955489,111983188,118426211,458995744"
2126691,2025-06-01,5,"460123279,72118917,677751121,206882799,72904850"
27049588,2025-09-01,2,"189715253,594957914"
27049588,2025-07-01,6,"444195920,575251962,575251962,468153361,575251962,710050617"
27049588,2025-08-01,4,"425491225,75388645,503841427,430516066"
27049588,2025-06-01,5,"694682600,360087377,514471477,696555486,180207546"
21965532,2025-10-01,1,346306367
21965532,2025-09-01,4,"62760268,476711410,699851853,454693313"
21965532,2025-08-01,1,389936094
21965532,2025-07-01,2,"79487214,136395216"
21965532,2025-06-01,2,"125077386,80422039"
21965532,2026-04-01,1,327424955
21965532,2026-05-01,1,595772488
41342237,2025-09-01,3,"406981314,717405426,96882200"
41342237,2025-07-01,1,210304128
41342237,2025-11-01,1,367068412
41342237,2026-03-01,1,650229157
41342237,2026-04-01,2,"28130518,133997598"
41342237,2025-12-01,1,696952033
41342237,2025-08-01,3,"707627149,65272840,51949232"
41342237,2025-06-01,5,"416615820,500384267,193755720,685342791,281576256"
41342237,2026-02-01,2,"466464860,505238380"
30466101,2026-03-01,3,"248509125,413235971,373845232"
30466101,2026-01-01,1,392022711
30466101,2025-11-01,2,"175079118,414757126"
30466101,2025-09-01,4,"101441291,3800457,45848281,49373562"
30466101,2025-07-01,6,"459102472,224035998,464583948,96744795,461595684,353799808"
30466101,2026-04-01,1,96347770
30466101,2025-10-01,2,"293751882,106171164"
30466101,2025-08-01,5,"341898702,690337695,154578601,232398770,385731137"
30466101,2025-06-01,3,"650439542,408207054,173078645"
30466101,2026-02-01,1,389148294
20390690,2025-06-01,1,247042396
25273562,2025-09-01,2,"21423546,256120601"
25273562,2025-07-01,5,"276585906,369580126,217624758,696057074,427054666"
25273562,2025-10-01,1,537119440
25273562,2025-08-01,4,"433894905,708558410,302796478,207652528"
25273562,2025-06-01,6,"57645398,247093041,570985406,92052107,71852148,276707043"
33270097,2026-05-01,1,515719618
33270097,2026-01-01,1,570475583
33270097,2025-09-01,1,218333710
33270097,2025-07-01,1,30661134
33270097,2026-04-01,1,2330641
33270097,2025-08-01,1,443767994
33270097,2025-06-01,2,"305913853,410911233"
17697333,2026-02-01,1,22545668
17697333,2025-06-01,1,16278237
26101897,2026-05-01,2,"159077190,517419193"
26101897,2026-03-01,1,369067993
26101897,2026-01-01,2,"197410221,550532898"
26101897,2025-09-01,3,"364251170,48823123,753235"
26101897,2025-07-01,5,"315269452,126685447,688929790,346487840,377216036"
26101897,2026-04-01,4,"151543029,193416648,490507741,166977662"
26101897,2025-12-01,1,730214008
26101897,2025-10-01,3,"345366549,688929790,121863451"
26101897,2025-08-01,1,598784684
26101897,2025-06-01,6,"137694874,246308057,91020858,76645971,372467281,4183506"
29096813,2026-05-01,2,"170450972,422274034"
29096813,2026-03-01,1,80013793
29096813,2025-09-01,1,167943120
29096813,2025-07-01,3,"163640804,19623065,7728267"
29096813,2026-04-01,2,"568963869,503314651"
29096813,2025-06-01,2,"233421012,349125002"
29096813,2025-08-01,3,"441793838,238029385,416178861"
29096813,2026-02-01,1,134661293
32590783,2025-09-01,1,707760235
32590783,2025-08-01,1,99805366
32590783,2025-07-01,2,"1015609,561504971"
32590783,2025-06-01,1,90971428
27051682,2026-03-01,2,"675133544,668339516"
27051682,2025-11-01,3,"253376297,392044114,463926422"
27051682,2025-09-01,5,"448195153,589177740,375894344,486593102,5106526"
27051682,2025-07-01,3,"673839594,504047582,50788538"
27051682,2026-04-01,5,"423609886,577883819,504914123,756071294,684426955"
27051682,2026-02-01,1,228286584
27051682,2025-12-01,2,"422735156,147401080"
27051682,2025-10-01,3,"386916727,583854428,150358799"
27051682,2025-08-01,3,"184161913,354859528,581786568"
27051682,2025-06-01,5,"94524106,352332363,466461055,348109108,62812235"
30205184,2025-09-01,4,"530970746,390239579,488764298,653843061"
30205184,2025-07-01,1,388738905
30205184,2025-08-01,6,"81685646,465668379,166890737,33127355,257420430,183807160"
30205184,2025-06-01,2,"90432106,394753713"
14038445,2026-04-01,1,559828046
14038445,2026-05-01,1,389417588
14038445,2025-10-01,1,403534963
14038445,2025-08-01,1,260191838
14038445,2025-07-01,1,438604616
32442497,2026-05-01,4,"311254483,681280470,13107459,368954978"
32442497,2026-03-01,7,"472510476,91886762,244441986,503579429,744238839,106065544,246403374"
32442497,2026-01-01,3,"53771749,332123356,342045679"
32442497,2025-11-01,2,"285918944,83698677"
32442497,2025-09-01,4,"538386423,29789360,423743508,56673069"
32442497,2025-07-01,6,"58923277,116226791,280169940,202555457,208863592,83512265"
32442497,2026-04-01,3,"60883785,465285249,117912867"
32442497,2026-02-01,4,"425293969,473893451,416626590,28947795"
32442497,2025-12-01,2,"423604399,55036876"
32442497,2025-10-01,7,"48978040,38292515,175507229,535195828,176463056,293700802,45460037"
32442497,2025-08-01,6,"504470598,125704228,582322923,11131840,515900282,367577137"
32442497,2025-06-01,6,"519454786,340007690,2320456,413511069,462408737,158464534"
25166705,2026-01-01,1,394059056
25166705,2025-07-01,5,"180739512,128056363,235283020,666262417,74895696"
25166705,2025-10-01,1,321055875
25166705,2025-06-01,2,"385624457,271595134"
30510982,2025-09-01,2,"474862431,44226764"
30510982,2025-07-01,2,"369276757,707458624"
30510982,2025-10-01,1,14449040
30510982,2025-06-01,2,"383236746,691126157"
40514831,2026-04-01,1,339122837
40514831,2025-10-01,1,719577705
40514831,2025-07-01,1,90492841
40514831,2025-06-01,2,"55427481,307968704"
25980686,2026-03-01,1,495258015
25980686,2026-01-01,1,176202916
25980686,2025-11-01,3,"549831770,326713043,679274596"
25980686,2025-09-01,7,"416887409,683813665,482766047,475211435,104551148,455881815,230353844"
25980686,2025-07-01,4,"348023709,580872364,257787775,307943841"
25980686,2026-04-01,3,"308740724,755628562,756532138"
25980686,2025-12-01,1,162422252
25980686,2025-10-01,2,"116306747,719037423"
25980686,2025-08-01,4,"562835373,449917112,179366291,564892583"
25980686,2025-06-01,3,"41119428,145783326,277850690"
27054259,2025-07-01,6,"73625226,704635432,197030975,243098288,579860467,283474471"
27054259,2025-08-01,2,"19702326,299118323"
27054259,2025-06-01,5,"345281914,496304919,291272955,366278817,131362407"
39525545,2025-12-01,1,490097745
39525545,2025-11-01,1,354860253
39525545,2025-08-01,1,435646305
39525545,2025-07-01,3,"224880522,591104786,524846668"
39525545,2026-04-01,2,"594844267,371925633"
18476476,2025-08-01,1,505621430
18476476,2025-07-01,1,468540868
18476476,2025-06-01,1,152249867
34171538,2025-08-01,2,"516988358,160890269"
37561715,2026-04-01,1,559099023
37561715,2026-05-01,1,63428298
37561715,2026-03-01,2,"426668869,178606378"
37561715,2025-09-01,1,674842705
37561715,2025-08-01,4,"109853437,455881815,520829472,702042046"
37561715,2025-07-01,3,"102545496,214324018,206470414"
37561715,2025-06-01,2,"41119428,675493184"
12790862,2025-06-01,1,272305899
43926375,2025-08-01,1,707146846
43926375,2025-06-01,2,"471138166,581193327"
32765837,2025-07-01,3,"416991800,651675888,709269478"
32765837,2025-11-01,3,"726959235,69430968,68744831"
32765837,2025-09-01,3,"41285191,395699573,477888753"
32765837,2026-03-01,4,"653119378,274069098,52886601,68534308"
32765837,2026-04-01,1,717411251
32765837,2025-12-01,1,240457800
32765837,2025-10-01,4,"652993159,60072651,155119423,377530741"
32765837,2025-08-01,5,"512800260,61924162,97637210,176111760,577215010"
32765837,2025-06-01,5,"451583246,237418885,330965238,177237771,699742707"
32765837,2026-02-01,1,351662278
43458662,2025-07-01,2,"433806628,433696854"
43458662,2025-08-01,2,"188499304,56048395"
43458662,2025-09-01,2,"715823326,404771829"
23018744,2025-09-01,2,"349049959,129597724"
32953785,2026-03-01,12,"378900117,113057129,219233817,258742794,741937775,453672922,537437775,104670502,84400602,748089811,39177099,353968262"
32953785,2025-07-01,1,420471224
32953785,2025-09-01,8,"261559159,93258928,390837994,704737911,220455796,215668,720584885,559752"
32953785,2025-11-01,1,33063337
32953785,2026-01-01,6,"17965436,82549158,480376230,269801752,75008270,546197620"
32953785,2026-04-01,4,"201571933,89206698,72776888,444586271"
32953785,2026-02-01,7,"60149599,662195995,30108870,270583999,83605730,556580905,220753552"
32953785,2025-06-01,5,"276853031,697045217,137907070,150359719,37028664"
32953785,2025-08-01,5,"332600326,702530434,42630744,676092008,133407827"
32953785,2025-10-01,5,"594371499,324666442,536872148,723718626,701878860"
39816384,2025-11-01,1,6847502
39816384,2025-12-01,1,727190718
39816384,2025-09-01,1,674180979
39816384,2025-10-01,1,199082897
39816384,2025-07-01,3,"541527095,678141825,695928970"
39816384,2025-08-01,2,"559516361,456643288"
